{"version": 1, "queue": [], "last_flush_ts": 1760718015.7574701, "last_since": "2025-10-13T23:29:53.639636Z", "saved_at": 1760400189.9165974}